,MAE,RMSE,R2
Linear Regression,4.1330855101575725,5.731067075646111,0.7489384019992991
Random Forest,3.9451797238373625,5.5218686914766995,0.7669326404643477
